,City,Country,Lat,Lng,Max Temp,Humidity,Cloudiness,Wind Speed,Current Description
0,Busselton,AU,-33.65,115.3333,70.11,51,77,11.88,broken clouds
1,Taft,IR,31.7471,54.2088,78.75,10,0,2.3,clear sky
2,San Patricio,US,28.017,-97.5169,78.84,56,0,6.93,clear sky
3,Mahebourg,MU,-20.4081,57.7,76.24,68,75,9.22,broken clouds
4,Saint George,US,37.1041,-113.5841,78.26,36,0,8.05,clear sky
5,Khatanga,RU,71.9667,102.5,31.23,96,100,14.47,light snow
6,Mount Isa,AU,-20.7333,139.5,83.97,17,99,4.61,overcast clouds
7,Bredasdorp,ZA,-34.5322,20.0403,58.05,70,100,2.33,overcast clouds
8,Mataura,NZ,-46.1927,168.8643,51.48,56,0,5.08,clear sky
9,Verkhoturye,RU,58.8627,60.8054,37.58,51,61,7.96,broken clouds
10,Faanui,PF,-16.4833,-151.75,78.01,67,19,4.5,few clouds
11,Chapais,CA,49.7834,-74.8492,42.58,84,99,8.05,overcast clouds
12,Dabhoi,IN,22.1833,73.4333,87.73,54,1,6.31,clear sky
13,Kavieng,PG,-2.5744,150.7967,82.65,73,82,12.33,broken clouds
14,Esperance,AU,-33.8667,121.9,61.66,61,69,14.58,broken clouds
15,Ostrovnoy,RU,68.0531,39.5131,40.24,84,100,7.25,overcast clouds
16,Yinchuan,CN,38.4681,106.2731,81.45,35,19,3.94,few clouds
17,Chingirlau,KZ,51.095,54.0814,54.05,38,100,15.48,overcast clouds
18,Avarua,CK,-21.2078,-159.775,71.65,64,75,5.75,light rain
19,Korla,CN,41.7597,86.1469,69.15,25,24,13.18,few clouds
20,Saskylakh,RU,71.9167,114.0833,30.81,97,100,8.1,light snow
21,Hilo,US,19.7297,-155.09,78.53,78,0,4.61,clear sky
22,Hobart,AU,-42.8794,147.3294,60.06,57,40,8.05,scattered clouds
23,Cidreira,BR,-30.1811,-50.2056,60.01,94,99,8.23,overcast clouds
24,Carnarvon,AU,-24.8667,113.6333,75.07,55,0,19.33,clear sky
25,Marathon,US,44.9,-89.7668,49.8,87,0,0.0,clear sky
26,Punta Arenas,CL,-53.15,-70.9167,44.71,70,40,25.32,light rain
27,Saint-Georges,GD,12.0564,-61.7485,83.88,79,20,23.02,few clouds
28,Srednekolymsk,RU,67.45,153.6833,29.52,93,100,12.5,light snow
29,Mindelo,CV,16.8901,-24.9804,78.35,73,20,19.57,few clouds
30,Jamestown,US,42.097,-79.2353,48.02,91,0,3.44,clear sky
31,Sobolevo,RU,54.4299,31.8996,50.59,97,100,5.23,overcast clouds
32,Kapaa,US,22.0752,-159.319,82.38,82,40,9.22,scattered clouds
33,Saint-Marc-Des-Carrieres,CA,46.6834,-72.0491,37.47,93,52,1.14,broken clouds
34,Vaini,TO,-21.2,-175.2,77.16,73,20,8.05,few clouds
35,Grindavik,IS,63.8424,-22.4338,48.15,87,75,26.46,broken clouds
36,Luderitz,NA,-26.6481,15.1594,60.94,53,13,11.83,few clouds
37,Easthampton,US,42.2668,-72.669,53.26,95,0,5.75,clear sky
38,Nerchinskiy Zavod,RU,51.3088,119.61,50.47,47,95,11.07,overcast clouds
39,Garowe,SO,8.4054,48.4845,80.91,56,87,15.84,overcast clouds
40,Burnie,AU,-41.0667,145.9167,56.95,48,2,5.44,clear sky
41,Rantepao,ID,-2.9701,119.8978,85.96,44,81,6.13,broken clouds
42,Chuy,UY,-33.6971,-53.4616,54.27,94,100,4.72,overcast clouds
43,Rikitea,PF,-23.1203,-134.9692,73.62,74,17,11.34,few clouds
44,Iqaluit,CA,63.7506,-68.5145,33.53,74,100,11.5,overcast clouds
45,Hasaki,JP,35.7333,140.8333,82.22,67,4,17.58,clear sky
46,Borogontsy,RU,62.6683,131.1683,29.98,69,100,5.59,overcast clouds
47,Yantai,CN,37.5333,121.4,76.03,49,92,10.69,overcast clouds
48,Atar,MR,20.5169,-13.0499,75.56,42,0,11.61,clear sky
49,Ouro Preto Do Oeste,BR,-10.7481,-62.2158,72.84,85,93,4.81,overcast clouds
50,Constantine,DZ,36.365,6.6147,60.21,82,75,5.75,broken clouds
51,Bethel,US,41.3712,-73.414,56.48,84,0,6.91,clear sky
52,Tiznit,MA,29.5833,-9.5,65.52,60,0,0.58,clear sky
53,Lasa,IT,46.6166,10.7002,49.08,93,77,2.1,broken clouds
54,Miri,MY,4.4148,114.0089,91.54,66,40,4.61,scattered clouds
55,Sulecin,PL,52.4443,15.1168,43.7,77,64,8.32,broken clouds
56,Yaan,NG,7.3833,8.5667,72.12,96,95,4.41,overcast clouds
57,Ponta Do Sol,PT,32.6667,-17.1,70.72,75,72,8.99,broken clouds
58,Hithadhoo,MV,-0.6,73.0833,81.23,74,90,11.48,overcast clouds
59,Tuktoyaktuk,CA,69.4541,-133.0374,33.8,86,75,17.27,broken clouds
60,Boa Vista,BR,2.8197,-60.6733,82.38,65,40,4.61,scattered clouds
61,Butaritari,KI,3.0707,172.7902,82.31,76,94,14.67,light rain
62,Sidi Ali,DZ,36.0998,0.4206,62.44,64,4,6.85,clear sky
63,Port Alfred,ZA,-33.5906,26.891,63.18,84,100,5.99,overcast clouds
64,Cam Ranh,VN,11.9214,109.1591,85.96,74,40,5.75,light rain
65,Cayenne,GF,4.9333,-52.3333,73.44,94,0,0.0,clear sky
66,Kavaratti,IN,10.5669,72.642,81.45,75,100,10.25,overcast clouds
67,Lagoa,PT,39.05,-27.9833,68.25,67,5,6.08,clear sky
68,Beidao,CN,34.5686,105.8933,75.74,57,93,6.53,overcast clouds
69,Mitu,CO,1.1983,-70.1733,70.72,99,94,0.96,overcast clouds
70,Nome,US,64.5011,-165.4064,39.27,71,0,9.22,clear sky
71,Tiksi,RU,71.6872,128.8694,19.24,87,61,9.1,broken clouds
72,Jega,NG,12.2175,4.3792,72.73,91,77,6.2,broken clouds
73,Bengkulu,ID,-3.8004,102.2655,82.83,75,81,7.92,broken clouds
74,Souillac,MU,-20.5167,57.5167,73.78,68,75,9.22,light rain
75,Nichinan,JP,31.6,131.3667,80.28,72,40,4.36,scattered clouds
76,Torbay,CA,47.6666,-52.7314,51.28,94,40,11.5,scattered clouds
77,Badoc,PH,17.9265,120.4764,87.71,73,7,6.96,clear sky
78,Kankon,IN,15.0167,74.0167,82.2,85,90,7.65,light rain
79,Dwarka,IN,22.2394,68.9678,83.57,67,60,8.95,broken clouds
80,Skjervoy,NO,70.0311,20.9714,35.6,63,7,11.92,clear sky
81,Praia Da Vitoria,PT,38.7333,-27.0667,70.75,73,20,8.93,few clouds
82,San Cristobal,VE,7.7669,-72.225,68.18,99,100,3.96,overcast clouds
83,Kahului,US,20.8947,-156.47,80.83,69,0,14.97,clear sky
84,Cape Town,ZA,-33.9258,18.4232,61.92,73,20,5.99,few clouds
85,Yulara,AU,-25.2406,130.9889,80.62,21,100,9.46,overcast clouds
86,Lata,PT,40.1629,-8.3327,48.92,73,97,2.71,overcast clouds
87,Ushuaia,AR,-54.8,-68.3,36.88,96,99,7.61,overcast clouds
88,Salta,AR,-24.7859,-65.4117,52.57,76,0,8.05,clear sky
89,Provideniya,RU,64.3833,-173.3,38.46,81,100,25.26,overcast clouds
90,Chokurdakh,RU,70.6333,147.9167,27.01,69,100,4.12,overcast clouds
91,Dikson,RU,73.5069,80.5464,33.91,97,100,16.08,overcast clouds
92,Severo-Kurilsk,RU,50.6789,156.125,46.76,83,91,7.47,light rain
93,Tamworth,GB,52.634,-1.6959,51.84,91,53,3.0,broken clouds
94,Escanaba,US,45.7453,-87.0646,49.95,98,0,0.0,mist
95,Tasiilaq,GL,65.6145,-37.6368,36.05,81,100,5.95,overcast clouds
96,Sinnamary,GF,5.3833,-52.95,77.2,89,12,9.42,few clouds
97,Puerto Ayora,EC,-0.7393,-90.3518,64.54,98,87,5.99,overcast clouds
98,Sao Joao Da Barra,BR,-21.6403,-41.0511,67.41,73,98,7.58,overcast clouds
99,Deputatskiy,RU,69.3,139.9,16.86,94,100,1.7,overcast clouds
100,Hermanus,ZA,-34.4187,19.2345,59.41,67,100,3.83,overcast clouds
101,Cap Malheureux,MU,-19.9842,57.6142,76.46,58,3,7.0,clear sky
102,Pevek,RU,69.7008,170.3133,33.35,79,100,3.87,overcast clouds
103,Mayo,US,38.8876,-76.5119,59.18,94,100,8.01,moderate rain
104,Zaysan,KZ,47.4667,84.8667,38.7,33,2,12.3,clear sky
105,Ojinaga,MX,29.5667,-104.4167,76.15,38,0,10.36,clear sky
106,Norman Wells,CA,65.282,-126.8329,42.84,100,20,3.44,few clouds
107,Kitimat,CA,54.0524,-128.6534,55.78,23,87,1.5,overcast clouds
108,Jacareacanga,BR,-6.2222,-57.7528,76.03,61,31,0.6,scattered clouds
109,Poum,NC,-20.2333,164.0167,73.58,65,10,16.84,clear sky
110,Katsuura,JP,35.1333,140.3,76.44,66,0,16.35,clear sky
111,Veracruz,MX,19.3333,-96.6667,65.8,87,54,3.49,broken clouds
112,Sisimiut,GL,66.9395,-53.6735,33.78,97,100,6.85,light snow
113,Pisco,PE,-13.7,-76.2167,60.85,77,0,6.91,clear sky
114,Moroni,KM,-11.7022,43.2551,78.8,65,20,4.61,few clouds
115,New Norfolk,AU,-42.7826,147.0587,59.72,46,5,1.99,clear sky
116,Upernavik,GL,72.7868,-56.1549,19.47,85,83,5.01,broken clouds
117,Lebu,CL,-37.6167,-73.65,50.54,94,100,13.47,overcast clouds
118,Albany,US,42.6001,-73.9662,46.45,88,100,2.35,overcast clouds
119,San Quintin,MX,30.4833,-115.95,67.51,84,2,11.5,clear sky
120,Sitka,US,57.0531,-135.33,58.89,82,100,18.41,moderate rain
121,Ribeira Grande,PT,38.5167,-28.7,70.47,72,24,15.5,few clouds
122,Narsaq,GL,60.9167,-46.05,36.39,97,100,5.19,light rain
123,Victoria,HK,22.2855,114.1577,89.19,77,31,11.99,scattered clouds
124,Sandpoint,US,48.2766,-116.5533,51.46,93,75,1.01,mist
125,Barrow,US,71.2906,-156.7887,30.22,80,100,10.36,overcast clouds
126,Valdivia,CL,-39.8142,-73.2459,45.63,99,27,3.11,scattered clouds
127,Daru,PG,-9.0763,143.2092,81.59,83,59,12.37,broken clouds
128,Torquay,GB,50.4638,-3.5143,56.93,93,77,7.0,broken clouds
129,Qaanaaq,GL,77.484,-69.3632,12.15,70,37,7.07,scattered clouds
130,Berdigestyakh,RU,62.0989,126.6992,32.95,46,84,3.49,broken clouds
131,Fortuna,US,40.5982,-124.1573,56.08,78,16,2.64,few clouds
132,Umm Kaddadah,SD,13.6017,26.6876,83.35,53,58,9.91,broken clouds
133,Atuona,PF,-9.8,-139.0333,76.68,74,5,17.87,clear sky
134,Kaeo,NZ,-35.1,173.7833,64.33,96,96,9.82,overcast clouds
135,Bluff,NZ,-46.6,168.3333,50.81,62,4,7.63,clear sky
136,Mar Del Plata,AR,-38.0023,-57.5575,51.1,87,3,3.0,clear sky
137,Severo-Yeniseyskiy,RU,60.3725,93.0408,34.27,48,54,5.03,broken clouds
138,Aklavik,CA,68.2191,-135.0107,32.52,100,100,3.94,overcast clouds
139,Kieta,PG,-6.2167,155.6333,82.65,72,27,2.98,scattered clouds
140,Tessalit,ML,20.1986,1.0114,87.53,27,65,18.77,broken clouds
141,Mabaruma,GY,8.2,-59.7833,74.53,96,90,2.37,overcast clouds
142,Nadym,RU,65.5333,72.5167,35.24,54,90,14.29,overcast clouds
143,Constitucion,CL,-35.3333,-72.4167,54.72,80,100,5.48,overcast clouds
144,Noyabrsk,RU,63.1994,75.4507,34.74,58,71,6.8,broken clouds
145,Sabha,LY,27.0377,14.4283,83.8,16,0,15.93,clear sky
146,Necochea,AR,-38.5473,-58.7368,48.58,77,18,12.75,few clouds
147,Saint-Pierre,RE,-21.3393,55.4781,76.68,60,20,17.27,few clouds
148,Longyearbyen,SJ,78.2186,15.6401,35.44,100,75,6.91,broken clouds
149,Thinadhoo,MV,0.5333,72.9333,80.85,77,100,14.79,overcast clouds
150,Launceston,AU,-41.45,147.1667,63.61,45,1,5.75,clear sky
151,Prado,BR,-17.3411,-39.2208,70.3,89,96,11.27,overcast clouds
152,Arraial Do Cabo,BR,-22.9661,-42.0278,67.14,77,100,15.68,overcast clouds
153,Valparaiso,CL,-33.0393,-71.6273,57.99,93,75,10.36,mist
154,Iberia,US,29.9502,-91.7507,63.05,63,0,7.0,clear sky
155,Bengbu,CN,32.9408,117.3608,96.28,37,66,11.01,broken clouds
156,Darab,IR,28.7519,54.5444,85.12,9,0,0.54,clear sky
157,Jumla,NP,29.2747,82.1838,71.53,43,11,5.5,few clouds
158,Kruisfontein,ZA,-34.0033,24.7314,58.89,66,44,10.6,scattered clouds
159,Buenos Aires,AR,-34.6132,-58.3772,60.53,88,0,8.05,clear sky
160,Cabo San Lucas,MX,22.8909,-109.9124,82.51,79,37,4.0,scattered clouds
161,Bilibino,RU,68.0546,166.4372,30.0,77,100,1.07,overcast clouds
162,Charters Towers,AU,-20.1,146.2667,83.8,28,85,4.9,overcast clouds
163,Atkinson,US,42.8384,-71.147,49.28,89,0,0.0,clear sky
164,Kabelvag,NO,68.2114,14.4817,39.22,71,16,10.16,few clouds
165,Moron,AR,-34.6534,-58.6198,60.55,90,1,3.51,clear sky
166,Zhangye,CN,38.9342,100.4517,71.74,20,0,15.52,clear sky
167,Camargo,MX,27.6667,-105.1667,66.63,60,66,1.77,broken clouds
168,Shu,KZ,43.5983,73.7614,54.95,20,16,8.05,few clouds
169,Bajil,YE,15.0584,43.2851,90.61,47,73,3.02,broken clouds
170,Kodiak,US,57.79,-152.4072,42.31,87,75,4.61,broken clouds
171,Ust-Ilimsk,RU,58.0006,102.6619,33.24,58,100,8.05,overcast clouds
172,Nanortalik,GL,60.1432,-45.2371,41.07,95,100,6.78,light rain
173,Bonavista,CA,48.6499,-53.1147,51.62,74,6,17.27,clear sky
174,Yavatmal,IN,20.4,78.1333,86.07,56,26,9.8,scattered clouds
175,Castro,BR,-24.7911,-50.0119,53.6,99,99,2.33,overcast clouds
176,Limon,CR,10.0,-83.0333,75.06,85,100,4.7,overcast clouds
177,Shamary,RU,57.3434,58.2199,40.44,63,69,4.79,broken clouds
178,Bolobo,CD,-2.1667,16.2333,75.69,78,38,1.48,scattered clouds
179,Sabzevar,IR,36.2126,57.6819,74.48,38,0,16.11,clear sky
180,Soure,BR,-0.7167,-48.5233,79.18,78,35,9.24,scattered clouds
181,Okato,NZ,-39.2,173.8833,56.91,100,100,13.22,moderate rain
182,Potsdam,DE,52.3989,13.0657,50.49,93,80,10.11,broken clouds
183,Port Elizabeth,ZA,-33.918,25.5701,62.31,89,0,16.11,clear sky
184,Kedrovyy,RU,56.1667,91.8167,32.41,76,100,10.16,light snow
185,Cobija,BO,-11.0267,-68.7692,68.77,82,10,2.93,clear sky
186,Karaton,ID,-6.3424,106.1045,88.11,57,100,4.47,overcast clouds
187,Namatanai,PG,-3.6667,152.4333,83.43,70,83,10.65,broken clouds
188,Nikolskoye,RU,59.7035,30.7861,42.78,92,40,4.9,scattered clouds
189,Biloela,AU,-24.4167,150.5,80.04,28,97,5.08,overcast clouds
190,Asau,RO,46.4333,26.4,54.52,63,67,3.31,broken clouds
191,Markova,UA,48.6758,24.4138,56.64,84,99,3.67,overcast clouds
192,Saquena,PE,-4.6667,-73.5167,69.26,97,75,2.17,broken clouds
193,Calama,CL,-22.4667,-68.9333,36.09,14,0,17.27,clear sky
194,Ranong,TH,9.9658,98.6348,78.73,80,89,13.09,light rain
195,Hatton,LK,6.8916,80.5955,68.61,81,98,8.57,overcast clouds
196,Chon Daen,TH,16.1895,100.8596,82.51,82,98,6.67,overcast clouds
197,Gulu,UG,2.7746,32.299,70.68,85,61,1.97,light rain
198,Clyde River,CA,70.4692,-68.5914,30.43,80,75,25.32,broken clouds
199,Ancud,CL,-41.8697,-73.8203,42.58,91,17,5.99,few clouds
200,Mizdah,LY,31.4451,12.9801,84.83,15,97,4.03,overcast clouds
201,Yellowknife,CA,62.456,-114.3525,48.72,93,20,5.75,few clouds
202,Sept-Iles,CA,50.2001,-66.3821,55.4,80,75,5.75,broken clouds
203,Dodge City,US,37.7528,-100.0171,68.25,49,0,14.97,clear sky
204,Ibra,OM,22.6906,58.5334,88.38,38,1,3.42,clear sky
205,Leningradskiy,RU,69.3833,178.4167,28.74,81,100,8.66,overcast clouds
206,Lodwar,KE,3.1191,35.5973,85.59,37,90,9.62,overcast clouds
207,Ilulissat,GL,69.2167,-51.1,22.17,77,92,5.5,overcast clouds
208,Ayacucho,PE,-13.1583,-74.2239,52.45,78,48,3.74,scattered clouds
209,Georgetown,MY,5.4112,100.3354,85.95,79,40,8.05,scattered clouds
210,Namibe,AO,-15.1961,12.1522,68.83,83,21,5.26,few clouds
211,Lohja,FI,60.2486,24.0653,50.58,100,42,3.69,scattered clouds
212,Broome,US,42.2506,-75.833,49.17,81,100,1.01,overcast clouds
213,Griffith,US,41.5284,-87.4237,55.35,91,0,0.0,clear sky
214,Kenai,US,60.5544,-151.2583,41.02,100,0,0.0,clear sky
215,Montepuez,MZ,-13.1256,38.9997,77.68,39,1,5.57,clear sky
216,Sola,VU,-13.8833,167.55,81.59,67,6,5.73,clear sky
217,Faya,SA,18.3851,42.4509,68.52,34,0,4.05,clear sky
218,Asfi,MA,32.2994,-9.2372,63.18,76,1,12.97,clear sky
219,Bardiyah,LY,31.7561,25.0865,83.73,46,0,4.9,clear sky
220,Paamiut,GL,61.994,-49.6678,38.16,96,100,17.52,light rain
221,Barabai,ID,-2.5833,115.3833,85.42,68,55,3.09,light rain
222,Porto Novo,BJ,6.4965,2.6036,78.62,92,94,5.99,moderate rain
223,Volksrust,ZA,-27.3654,29.8818,66.92,36,16,8.32,few clouds
224,Pangnirtung,CA,66.1451,-65.7125,33.42,66,100,3.02,overcast clouds
225,Alice Springs,AU,-23.7,133.8833,78.35,21,75,9.22,broken clouds
226,Biltine,TD,14.5333,20.9167,84.52,39,18,3.42,few clouds
227,Hambantota,LK,6.1241,81.1185,88.14,66,40,16.11,scattered clouds
228,Freeport,US,40.6576,-73.5832,60.03,75,100,5.01,overcast clouds
229,Kankaanpaa,FI,61.8,22.4167,32.76,95,13,4.94,few clouds
230,Campoverde,PE,-8.4753,-74.8058,67.62,99,94,0.09,overcast clouds
231,Springfield,US,37.2153,-93.2982,55.63,82,38,6.82,scattered clouds
232,Saint-Louis,SN,16.3333,-15.0,81.52,59,18,9.64,few clouds
233,Inhumas,BR,-16.3578,-49.4961,67.73,70,36,4.21,scattered clouds
234,Nuqui,CO,5.7125,-77.2708,75.09,91,100,2.46,light rain
235,Mandalgovi,MN,45.7625,106.2708,57.88,36,99,11.83,overcast clouds
236,Bilma,NE,18.6853,12.9164,88.25,34,4,3.15,clear sky
237,Boqueirao,BR,-7.5,-36.1333,69.35,95,81,6.73,broken clouds
238,Musiri,IN,10.9333,78.45,87.84,55,98,16.75,moderate rain
239,Clinton,US,42.587,-82.9199,55.89,85,0,5.75,clear sky
240,Petropavlovsk-Kamchatskiy,RU,53.0452,158.6483,52.39,54,40,8.95,scattered clouds
241,Ixtapa,MX,20.7,-105.2,76.32,96,92,2.21,overcast clouds
242,Uirauna,BR,-6.5183,-38.4122,73.85,67,99,4.59,overcast clouds
243,Klamath Falls,US,42.2249,-121.7817,55.96,54,2,1.01,clear sky
244,Zherdevka,RU,51.8486,41.4606,61.57,75,100,11.5,overcast clouds
245,Khandyga,RU,62.6667,135.6,32.81,60,100,4.59,overcast clouds
246,Gondanglegi,ID,-7.7479,112.0132,90.43,54,56,13.73,broken clouds
247,Bend,US,44.0582,-121.3153,57.67,71,0,8.05,clear sky
248,Taraz,KZ,42.9,71.3667,43.21,33,54,8.95,broken clouds
249,Puerto Escondido,MX,15.85,-97.0667,76.8,88,61,4.68,broken clouds
250,Marzuq,YE,14.4,46.4667,82.99,25,10,2.53,clear sky
251,Acapulco,MX,16.8634,-99.8901,79.54,85,95,4.12,overcast clouds
252,Krasnoselkup,RU,65.7,82.4667,35.08,67,100,8.75,overcast clouds
253,Nouadhibou,MR,20.931,-17.0347,69.78,88,0,20.71,clear sky
254,Lakatoro,VU,-16.0999,167.4164,82.11,64,3,3.51,clear sky
255,Elhovo,BG,42.1667,26.5667,55.81,62,17,3.85,few clouds
256,Pacific Grove,US,36.6177,-121.9166,59.02,92,100,3.0,overcast clouds
257,Ambunti,PG,-4.2365,142.8448,92.5,46,81,4.5,broken clouds
258,Tabou,CI,4.423,-7.3528,74.88,89,92,6.17,overcast clouds
259,Beyneu,KZ,45.3167,55.2,65.84,29,95,17.6,overcast clouds
260,Nantucket,US,41.2835,-70.0995,58.14,54,100,14.47,overcast clouds
261,Iquique,CL,-20.2208,-70.1431,57.24,64,20,4.25,few clouds
262,Kizhinga,RU,51.8462,109.9097,38.34,56,94,15.17,overcast clouds
263,Katobu,ID,-4.9408,122.5276,86.11,64,100,2.37,overcast clouds
264,Cherskiy,RU,68.75,161.3,31.53,65,100,3.76,overcast clouds
265,Lima,PE,-12.0432,-77.0282,58.89,85,100,9.22,overcast clouds
266,Wangkui,CN,46.8333,126.5,60.19,40,47,4.83,scattered clouds
267,Boueni,YT,-12.9025,45.0761,80.58,70,7,4.94,clear sky
268,Saldanha,ZA,-33.0117,17.9442,50.05,73,69,11.14,broken clouds
269,Lingsugur,IN,16.1667,76.5167,83.53,61,99,11.92,overcast clouds
270,Kloulklubed,PW,7.0419,134.2556,84.25,72,71,9.51,broken clouds
271,Suntar,RU,62.1444,117.6319,33.42,51,99,3.8,overcast clouds
272,Takoradi,GH,4.8845,-1.7554,74.1,93,88,8.1,light rain
273,Meulaboh,ID,4.1363,96.1285,84.11,68,97,8.72,overcast clouds
274,Santa Cruz Cabralia,BR,-16.2781,-39.0247,73.63,83,75,6.91,broken clouds
275,Abnub,EG,27.2696,31.1511,89.8,26,0,10.07,clear sky
276,Alekseyevka,RU,50.6309,38.6903,64.18,83,55,9.01,broken clouds
277,Altoona,US,40.5187,-78.3947,50.56,91,100,3.8,light rain
278,Abu Samrah,SY,35.3029,37.1841,81.36,37,0,6.29,clear sky
279,Mawlaik,MM,23.6333,94.4167,96.22,46,97,1.92,moderate rain
280,Tandalti,SD,13.0167,31.8667,81.86,60,80,10.07,broken clouds
281,Labuhan,ID,-6.8844,112.2051,86.83,63,64,10.22,moderate rain
282,Santa Maria Del Oro,MX,25.9333,-105.3667,61.86,72,89,4.68,overcast clouds
283,Niamey,NE,13.5137,2.1098,75.49,100,0,0.0,clear sky
284,Waingapu,ID,-9.6567,120.2641,86.49,63,77,7.36,heavy intensity rain
285,Ayr,GB,55.4627,-4.6339,53.58,82,40,21.85,scattered clouds
286,Agadez,NE,19.75,10.25,85.51,37,16,7.34,few clouds
287,Baghdogra,IN,26.7,88.3167,90.64,57,6,3.76,clear sky
288,Olafsvik,IS,64.8945,-23.7142,47.05,81,100,19.17,overcast clouds
289,Piribebuy,PY,-25.4833,-57.05,57.43,97,33,3.13,scattered clouds
290,Huaihua,CN,27.5494,109.9592,95.18,39,45,8.01,scattered clouds
291,Podor,MR,16.6527,-14.9587,83.64,51,30,9.28,scattered clouds
292,Changping,CN,40.2186,116.2197,80.24,45,100,6.98,overcast clouds
293,Hovd,MN,48.0056,91.6419,31.8,27,9,8.68,clear sky
294,Alofi,NU,-19.0595,-169.9187,75.09,73,24,20.67,few clouds
295,Wurzburg,DE,49.7878,9.9361,49.6,83,100,10.83,moderate rain
296,Portland,US,45.5234,-122.6762,66.42,82,1,5.01,clear sky
297,Muros,ES,42.7762,-9.0603,60.1,93,90,4.43,overcast clouds
298,Slavonski Brod,HR,45.1603,18.0156,60.39,79,99,3.42,overcast clouds
299,Willmar,US,45.1219,-95.0433,60.03,63,0,8.05,clear sky
300,Geraldton,AU,-28.7667,114.6,77.41,38,0,16.11,clear sky
301,Gamboma,CG,-1.8764,15.8644,75.47,82,69,1.68,broken clouds
302,Maldonado,UY,-34.6667,-54.9167,52.99,91,34,2.3,scattered clouds
303,Algiers,DZ,36.7525,3.042,57.02,88,20,4.61,few clouds
304,Carauari,BR,-4.8828,-66.8958,72.79,93,95,3.74,overcast clouds
305,Newcastle,AU,-32.9272,151.7765,62.98,70,75,18.41,moderate rain
306,East London,ZA,-33.0153,27.9116,61.74,77,0,11.5,clear sky
307,Maningrida,AU,-12.0667,134.2667,87.96,54,70,11.21,broken clouds
308,Vestmannaeyjar,IS,63.4427,-20.2734,47.05,87,100,14.88,overcast clouds
309,Gotsu,JP,35.0,132.2167,75.47,66,0,6.2,clear sky
310,Yerbogachen,RU,61.2767,108.0108,31.6,62,100,6.85,overcast clouds
311,Egvekinot,RU,66.3167,-179.1667,26.8,72,100,6.35,overcast clouds
312,Vostok,RU,46.4856,135.8833,48.94,92,94,5.23,overcast clouds
313,Chabahar,IR,25.2919,60.643,82.42,64,0,6.89,clear sky
314,Mercedes,AR,-34.6515,-59.4307,50.86,94,2,6.76,clear sky
315,Hofn,IS,64.2539,-15.2082,45.68,86,100,6.04,overcast clouds
316,Tena,EC,-0.9833,-77.8167,68.88,99,100,1.54,moderate rain
317,Grand-Santi,GF,4.25,-54.3833,70.5,85,47,2.48,scattered clouds
318,Aberdeen,GB,57.1437,-2.0981,50.49,90,41,8.05,scattered clouds
319,Saint-Philippe,RE,-21.3585,55.7679,76.59,74,61,10.69,broken clouds
320,Banfora,BF,10.6333,-4.7667,71.24,88,100,1.81,overcast clouds
321,Dingle,PH,10.9995,122.6711,87.04,67,71,10.74,broken clouds
322,Oktyabrskiy,RU,54.4815,53.471,47.19,69,100,9.69,overcast clouds
323,Serov,RU,59.6033,60.5787,35.35,58,78,8.12,broken clouds
324,Kungurtug,RU,50.5994,97.5228,29.53,37,97,5.23,overcast clouds
325,Hamilton,US,39.1834,-84.5333,55.99,67,100,1.99,overcast clouds
326,Synya,RU,65.3718,58.0387,35.62,76,100,11.7,overcast clouds
327,Songkhla,TH,6.8333,100.6667,86.05,72,94,7.43,overcast clouds
328,Inirida,CO,3.8653,-67.9239,71.92,98,97,0.2,overcast clouds
329,Kiama,AU,-34.6833,150.8667,61.57,76,70,1.99,light rain
330,Sibolga,ID,1.7427,98.7792,81.07,77,100,4.7,light rain
331,Kaitangata,NZ,-46.2817,169.8464,45.9,67,0,3.33,clear sky
332,Bambous Virieux,MU,-20.3428,57.7575,76.21,68,75,9.22,broken clouds
333,Chardara,KZ,41.2547,67.9692,63.52,24,56,11.16,broken clouds
334,Dudinka,RU,69.4058,86.1778,29.62,79,100,10.02,overcast clouds
335,Along,IN,28.1667,94.7667,92.93,44,13,2.33,few clouds
336,Quatre Cocos,MU,-20.2078,57.7625,76.08,69,19,13.33,few clouds
337,Atascadero,US,35.4894,-120.6707,61.29,84,6,2.21,clear sky
338,Olean,US,42.0776,-78.4297,48.78,87,0,0.0,clear sky
339,Guerrero Negro,MX,27.9769,-114.0611,70.03,83,8,13.33,clear sky
340,Hammerfest,NO,70.6634,23.6821,34.25,86,7,5.75,clear sky
341,Diu,IN,20.7141,70.9822,85.24,63,0,7.31,clear sky
342,Uppsala,SE,60.0,17.75,47.71,100,41,3.44,scattered clouds
343,Sabya,SA,17.1495,42.6254,91.02,56,2,1.59,clear sky
344,Fare,PF,-16.7,-151.0167,78.04,68,1,6.38,clear sky
345,Lavrentiya,RU,65.5833,-171.0,38.16,70,98,16.51,overcast clouds
346,Puerto Santander,CO,8.3636,-72.4063,78.21,95,97,2.39,overcast clouds
347,Husavik,IS,66.0449,-17.3389,45.01,98,100,9.75,overcast clouds
348,Saint-Augustin,CA,51.226,-58.6502,51.3,74,100,8.55,overcast clouds
349,Port Macquarie,AU,-31.4333,152.9167,61.9,66,80,12.15,broken clouds
350,Nador,MA,35.174,-2.9287,57.45,88,20,3.44,few clouds
351,Kurumkan,RU,54.3,110.3,40.5,58,89,6.8,light rain
352,Chapada Dos Guimaraes,BR,-15.4606,-55.7497,65.86,81,23,3.51,few clouds
353,Pangkalanbuun,ID,-2.6833,111.6167,87.58,68,97,1.59,moderate rain
354,Vila Velha,BR,-20.3297,-40.2925,66.15,93,75,3.44,broken clouds
355,Timmins,CA,48.4669,-81.3331,51.62,76,75,8.05,broken clouds
356,Wakkanai,JP,45.4094,141.6739,69.78,73,75,23.02,broken clouds
357,Planadas,CO,3.197,-75.6451,66.31,92,99,2.8,overcast clouds
358,Noumea,NC,-22.2763,166.4572,76.98,67,91,11.14,overcast clouds
359,Sabang,ID,5.8933,95.3214,81.46,78,91,14.81,overcast clouds
360,Udachnyy,RU,66.4167,112.4,26.46,79,93,8.32,overcast clouds
361,Airai,TL,-8.9266,125.4092,70.52,75,97,1.36,overcast clouds
362,Umea,SE,63.8284,20.2597,40.91,100,20,3.44,fog
363,Tuatapere,NZ,-46.1333,167.6833,47.12,71,2,5.82,clear sky
364,Fuerte,PH,17.5381,120.3644,84.94,72,3,5.86,clear sky
365,Touros,BR,-5.1989,-35.4608,73.54,88,88,13.56,overcast clouds
366,Shchigry,RU,51.8755,36.9043,57.02,89,77,7.76,broken clouds
367,Mangai,CD,-4.05,19.5333,73.56,87,28,1.12,scattered clouds
368,Caravelas,BR,-17.7125,-39.2481,70.05,84,100,10.63,overcast clouds
369,Latung,PH,5.5,120.8833,84.43,67,92,4.63,overcast clouds
370,Simpang,ID,-1.2667,104.0833,89.83,56,94,5.59,light rain
371,Asyut,EG,27.181,31.1837,89.67,27,0,9.06,clear sky
372,Koslan,RU,63.4564,48.8989,41.4,98,100,8.43,light rain
373,Nanzhou,CN,29.3596,112.4024,102.33,28,39,16.67,scattered clouds
374,Cervo,ES,43.6702,-7.4101,58.95,84,69,9.44,broken clouds
375,Filadelfia,US,39.9523,-75.1638,58.1,89,75,16.11,heavy intensity rain
376,Cockburn Town,TC,21.4612,-71.1419,82.42,72,14,16.82,few clouds
377,Berlevag,NO,70.8578,29.0864,40.95,75,100,10.36,overcast clouds
378,Cascais,PT,38.6979,-9.4215,61.5,93,69,23.0,broken clouds
379,Lerwick,GB,60.1545,-1.1494,51.8,82,62,21.27,broken clouds
380,Isangel,VU,-19.55,169.2667,78.22,83,14,11.65,few clouds
381,Margate,GB,51.3813,1.3862,55.31,95,96,4.0,overcast clouds
382,Wuda,CN,39.4994,106.7117,80.42,34,0,13.22,clear sky
383,Huarmey,PE,-10.0681,-78.1522,61.95,86,96,8.52,overcast clouds
384,Lazaro Cardenas,MX,17.9583,-102.2,78.17,86,43,3.6,scattered clouds
385,Manggar,ID,-2.8833,108.2667,84.94,66,49,4.23,scattered clouds
386,Dong Hoi,VN,17.4833,106.6,81.05,83,100,3.8,moderate rain
387,Lovozero,RU,68.005,35.0117,34.97,99,100,1.43,light snow
388,Boyolangu,ID,-8.1181,111.8935,81.81,78,91,8.72,light rain
389,Thompson,CA,55.7435,-97.8558,28.56,93,20,0.0,few clouds
390,Kaliganj,BD,23.4095,89.1402,91.6,59,89,6.4,overcast clouds
391,Betare Oya,CM,5.6,14.0833,67.53,95,61,2.15,broken clouds
392,Olinda,BR,-8.0089,-34.8553,76.73,73,40,12.66,scattered clouds
393,Viedma,AR,-40.8135,-62.9967,57.13,67,100,2.39,overcast clouds
394,Kota Kinabalu,MY,5.9749,116.0724,91.38,70,20,4.61,few clouds
395,Nipawin,CA,53.3668,-104.0009,44.64,93,75,8.05,broken clouds
396,Isla Aguada,MX,18.7833,-91.4667,78.89,70,80,8.19,broken clouds
397,Arica,CL,-18.475,-70.3042,57.02,82,66,2.68,broken clouds
398,Asosa,ET,10.0667,34.5333,66.88,81,90,4.25,overcast clouds
399,Half Moon Bay,US,37.4636,-122.4286,65.98,87,100,5.75,mist
400,Wuchi,CN,29.3786,103.023,65.46,82,92,4.32,overcast clouds
401,Sioux Lookout,CA,50.1001,-91.917,46.89,88,99,7.34,overcast clouds
402,Doha,QA,25.2867,51.5333,87.78,66,0,6.91,clear sky
403,Cizre,TR,37.3272,42.1903,87.24,15,0,2.82,clear sky
404,Dalbandin,PK,28.8947,64.4101,88.9,8,0,2.08,clear sky
405,Pundaguitan,PH,6.3711,126.1689,83.89,71,59,9.4,broken clouds
406,Vardo,NO,70.3705,31.1107,42.78,81,75,11.5,broken clouds
407,Palapye,BW,-22.546,27.1251,74.35,31,0,11.23,clear sky
408,Ishigaki,JP,24.3448,124.1572,82.67,77,39,12.33,scattered clouds
409,Devonport,AU,-41.1667,146.35,57.02,52,1,5.88,clear sky
410,Brzeg Dolny,PL,51.273,16.7082,45.99,94,24,6.04,few clouds
411,Dalhousie,IN,32.5333,75.9833,67.32,48,0,4.36,clear sky
412,Wad Rawah,SD,15.1603,33.1397,85.77,51,78,11.41,broken clouds
413,Melito Di Porto Salvo,IT,37.9222,15.7714,75.22,76,61,5.99,broken clouds
414,Yatou,CN,37.15,122.3833,73.06,55,95,11.25,overcast clouds
415,Erzin,TR,36.9559,36.2,82.6,48,0,4.68,clear sky
416,Pangai,TO,-19.8,-174.35,76.71,64,52,16.37,broken clouds
417,Nizwa,OM,22.9333,57.5333,88.52,33,1,4.41,clear sky
418,Piacabucu,BR,-10.4056,-36.4344,71.55,80,42,4.94,scattered clouds
419,Maceio,BR,-9.6658,-35.7353,71.04,94,40,2.3,scattered clouds
420,Okhotsk,RU,59.3833,143.3,40.03,72,100,14.07,overcast clouds
421,Ossora,RU,59.2353,163.0719,43.75,74,100,2.15,overcast clouds
422,Gerash,IR,27.6652,54.1371,85.15,24,0,2.08,clear sky
423,Coos Bay,US,43.3665,-124.2179,56.98,99,0,5.68,clear sky
424,Erenhot,CN,43.6475,111.9767,83.88,21,16,18.99,few clouds
425,Rawson,AR,-43.3002,-65.1023,54.23,61,18,6.35,few clouds
426,Mount Gambier,AU,-37.8333,140.7667,60.19,68,15,7.78,few clouds
427,Bambanglipuro,ID,-7.95,110.2833,81.14,79,93,12.37,overcast clouds
428,Banda Aceh,ID,5.5577,95.3222,84.54,68,98,10.89,overcast clouds
429,Jalapa,MX,19.5333,-96.9167,54.52,83,23,5.3,few clouds
430,Tuy Hoa,VN,13.0833,109.3,84.02,71,100,3.29,overcast clouds
431,Palu,ID,-0.8917,119.8707,89.35,60,35,4.18,scattered clouds
432,Oranjestad,AW,12.524,-70.027,83.01,69,98,8.28,overcast clouds
433,Arlit,NE,18.7369,7.3853,86.29,37,42,7.61,scattered clouds
434,Fort Morgan,US,40.2503,-103.8,56.05,94,40,4.61,scattered clouds
435,Tezu,IN,27.9167,96.1667,92.43,45,33,3.74,scattered clouds
436,Ipira,BR,-12.1583,-39.7372,66.25,94,34,3.27,scattered clouds
437,Fonte Boa,BR,-2.4959,-66.2662,71.92,97,81,5.06,broken clouds
438,Anadyr,RU,64.75,177.4833,33.01,74,100,10.31,overcast clouds
439,Santo Tomas,PH,14.1079,121.1414,89.56,60,35,9.33,heavy intensity rain
440,Krasnyy Yar,RU,46.5331,48.3456,67.93,46,70,6.73,broken clouds
441,Buchanan,LR,5.8808,-10.0467,75.07,90,100,3.67,light rain
442,Prince Rupert,CA,54.3161,-130.3201,56.19,92,97,4.63,overcast clouds
443,Alta Floresta,BR,-9.8756,-56.0861,77.41,56,95,4.61,overcast clouds
444,Waitati,NZ,-45.75,170.5667,51.8,65,1,2.8,clear sky
445,Chuguyevka,RU,44.1653,133.8633,59.63,86,95,5.1,overcast clouds
446,Beringovskiy,RU,63.05,179.3167,40.19,84,100,33.51,overcast clouds
447,Verkhnyaya Inta,RU,65.9811,60.3094,36.61,47,100,5.37,overcast clouds
448,Ust-Kut,RU,56.7938,105.7672,32.54,76,100,7.43,light snow
449,Keuruu,FI,62.2667,24.7,40.8,95,25,2.71,scattered clouds
450,Codrington,AU,-38.2667,141.9667,58.23,75,8,12.5,clear sky
451,Port Hardy,CA,50.6996,-127.4199,54.09,90,94,1.63,overcast clouds
452,Turayf,SA,31.6725,38.6637,78.3,32,0,11.18,clear sky
453,Wencheng,CN,33.0559,113.7978,99.61,30,69,16.22,broken clouds
454,Qaqortoq,GL,60.7167,-46.0333,39.63,93,100,3.98,overcast clouds
455,Churapcha,RU,62.0025,132.4325,30.45,62,99,8.75,overcast clouds
456,Whitman,US,46.9166,-117.4844,54.86,68,1,3.69,clear sky
457,Ulaangom,MN,49.9811,92.0667,35.42,20,99,9.4,overcast clouds
458,Gao,ML,16.6362,1.637,83.93,52,55,10.02,broken clouds
459,Sorland,NO,67.667,12.6934,46.26,59,40,16.02,scattered clouds
460,Wajid,SO,3.8093,43.2471,80.83,49,2,18.95,clear sky
461,Kulhudhuffushi,MV,6.6221,73.07,81.16,77,100,22.53,overcast clouds
462,Havre-Saint-Pierre,CA,50.2334,-63.5986,49.23,83,98,9.84,overcast clouds
463,Ampanihy,MG,-24.7,44.75,83.79,25,0,5.73,clear sky
464,Marsh Harbour,BS,26.5412,-77.0636,80.83,75,80,8.37,broken clouds
465,Sao Filipe,CV,14.8961,-24.4956,78.98,83,20,8.21,few clouds
466,Jinxiang,CN,27.4327,120.6062,83.66,69,1,8.86,clear sky
467,Valley City,US,46.9233,-98.0032,57.72,94,0,5.75,clear sky
468,Huangnihe,CN,43.5583,128.0239,66.16,70,89,8.99,overcast clouds
469,Danjiangkou,CN,32.5428,111.5086,86.09,44,89,5.55,overcast clouds
470,Multan,PK,30.1956,71.4753,89.49,48,0,6.91,smoke
471,Fairbanks,US,64.8378,-147.7164,45.99,79,83,3.53,broken clouds
472,Eureka,US,40.8021,-124.1637,57.67,85,15,1.57,few clouds
473,Atlantic City,US,39.3643,-74.4229,64.0,91,100,18.41,light rain
474,Henderson,US,36.0397,-114.9819,84.15,24,0,11.5,clear sky
475,Pokhara,NP,28.2333,83.9833,82.11,61,13,5.46,few clouds
476,Rocha,UY,-34.4833,-54.3333,47.93,93,46,2.68,scattered clouds
477,Pringsewu,ID,-5.3582,104.9744,89.98,55,69,4.21,broken clouds
478,Novikovo,RU,51.1537,37.8879,62.92,84,49,8.03,scattered clouds
479,Talnakh,RU,69.4865,88.3972,29.21,87,100,6.93,light snow
480,Asifabad,IN,19.3667,79.2833,86.79,61,54,9.06,broken clouds
481,Villamontes,BO,-21.25,-63.5,61.41,67,2,3.58,clear sky
482,Nola,IT,40.922,14.5329,74.37,84,64,0.74,broken clouds
483,Whitehorse,CA,60.7161,-135.0538,47.8,91,100,9.22,overcast clouds
484,Naze,JP,28.3667,129.4833,78.12,62,1,8.39,clear sky
485,Linxia,CN,35.6003,103.2064,75.22,38,14,3.94,few clouds
486,Tambovka,RU,50.0969,128.0489,52.77,36,4,1.57,clear sky
487,Colwyn Bay,GB,53.2948,-3.7267,54.95,3,47,7.0,scattered clouds
488,Luanda,AO,-8.8368,13.2343,75.2,83,75,6.91,broken clouds
489,Galle,LK,6.0367,80.217,81.81,80,92,18.77,overcast clouds
490,Port Shepstone,ZA,-30.7414,30.455,69.22,83,99,24.63,light rain
491,Lorengau,PG,-2.0226,147.2712,83.93,66,68,7.83,broken clouds
492,Nemuro,JP,43.3236,145.575,67.44,86,56,22.77,broken clouds
493,Wanxian,CN,30.8039,108.3897,92.82,49,53,2.89,broken clouds
494,Ucluelet,CA,48.9329,-125.5528,56.5,88,24,2.26,few clouds
495,Goshogawara,JP,40.8044,140.4414,80.92,70,7,6.38,clear sky
496,Kondinskoye,RU,59.6481,67.41,36.48,49,16,7.63,few clouds
497,Uige,AO,-7.6087,15.0613,67.8,94,87,1.54,light rain
498,Sawakin,SD,19.1059,37.3321,90.0,44,0,8.34,clear sky
499,Kabalo,CD,-6.05,26.9167,74.79,75,93,1.32,overcast clouds
500,Rodrigues Alves,BR,-7.738,-72.6509,67.37,99,86,2.66,overcast clouds
501,Manhuacu,BR,-20.2581,-42.0336,61.93,89,100,1.81,overcast clouds
502,Qandala,SO,11.472,49.8728,87.93,62,50,5.88,scattered clouds
503,Progreso,MX,21.2833,-89.6667,71.11,59,87,4.79,overcast clouds
504,Boddam,GB,57.4667,-1.7833,46.78,74,44,12.26,scattered clouds
505,Sao Gabriel Da Cachoeira,BR,-0.1303,-67.0892,72.34,96,100,2.19,overcast clouds
506,Nea Artaki,GR,38.5167,23.6333,82.92,44,21,2.06,few clouds
507,Saint-Andre,RE,-20.95,55.65,76.44,71,55,14.97,broken clouds
508,Shingu,JP,33.7333,135.9833,78.93,60,2,6.82,clear sky
509,Beloha,MG,-25.1667,45.05,83.1,31,0,4.81,clear sky
510,Gazanjyk,TM,39.2446,55.5154,76.59,16,24,12.95,few clouds
511,Pandan,PH,14.0453,124.1694,84.24,76,99,8.59,overcast clouds
512,Batemans Bay,AU,-35.7167,150.1833,61.11,75,46,7.07,light rain
513,Havoysund,NO,70.9963,24.6622,41.23,68,9,10.71,clear sky
514,Shediac,CA,46.2198,-64.5411,49.35,79,95,9.31,overcast clouds
515,Jingdezhen,CN,29.2947,117.2079,101.71,28,1,5.03,clear sky
516,Plettenberg Bay,ZA,-34.0527,23.3716,59.99,72,67,5.86,broken clouds
517,La Palma,US,33.8464,-118.0467,70.07,81,100,5.75,overcast clouds
518,Kailua,US,21.4022,-157.7394,80.02,79,8,1.99,clear sky
519,Selma,US,36.5708,-119.6121,72.99,54,0,0.0,clear sky
520,Luwuk,ID,-0.9516,122.7875,88.39,57,17,4.76,few clouds
521,Reconquista,AR,-29.15,-59.65,54.61,87,0,5.57,clear sky
522,San Juan,AR,-31.5375,-68.5364,63.79,42,34,2.59,scattered clouds
523,Lompoc,US,34.6391,-120.4579,60.78,95,100,0.0,light intensity drizzle
524,Belaya Gora,RU,68.5333,146.4167,27.18,83,100,5.41,overcast clouds
525,Axim,GH,4.8699,-2.2405,74.7,92,82,8.08,light rain
526,Yarkovo,RU,57.4028,67.0786,36.64,48,10,5.59,clear sky
527,Loa Janan,ID,-0.583,117.095,87.31,64,100,3.13,overcast clouds
528,San Andres,CO,12.5847,-81.7006,81.68,79,100,12.91,overcast clouds
529,Sault Sainte Marie,CA,46.5168,-84.3333,50.29,93,0,0.0,clear sky
530,Taveta,KE,-3.3963,37.6736,69.6,73,99,5.82,overcast clouds
531,Kilbirnie,GB,55.7508,-4.6879,53.13,87,73,5.99,broken clouds
532,Yumen,CN,40.2833,97.2,65.01,24,24,14.61,few clouds
533,Porterville,US,36.0652,-119.0168,76.75,32,0,4.5,clear sky
534,Weligama,LK,5.9667,80.4167,82.04,82,87,16.62,overcast clouds
535,Igrim,RU,63.1906,64.4162,35.42,53,90,11.21,overcast clouds
536,Taltal,CL,-25.4,-70.4833,56.91,80,46,1.3,scattered clouds
537,Nenita,PH,12.4917,124.8044,83.7,81,34,7.87,scattered clouds
538,Ornskoldsvik,SE,63.2909,18.7153,41.95,100,100,5.75,light rain
539,Cruces,CU,22.3411,-80.2667,70.92,95,65,4.25,broken clouds
540,Norwalk,US,33.9022,-118.0817,69.89,80,100,5.75,overcast clouds
541,Mundo Nuevo,MX,18.7,-95.5,78.67,66,7,10.33,clear sky
542,Paka,MY,4.6374,103.4368,85.5,64,92,5.7,overcast clouds
543,Hualmay,PE,-11.0964,-77.6139,61.14,84,64,9.91,broken clouds
544,Vila Franca Do Campo,PT,37.7167,-25.4333,65.19,86,24,1.68,few clouds
545,Shubarkuduk,KZ,49.1447,56.4872,53.44,29,100,14.61,overcast clouds
546,Xining,CN,36.6167,101.7667,68.81,57,1,3.44,clear sky
547,Bandar-E Lengeh,IR,26.5579,54.8807,91.51,66,0,4.61,haze
548,Yar-Sale,RU,66.8333,70.8333,35.1,54,91,17.22,overcast clouds
549,Trairi,BR,-3.2778,-39.2689,77.63,82,89,12.77,overcast clouds
550,Saint-Francois,FR,46.4154,3.9054,47.68,93,100,10.36,mist
551,Misratah,LY,32.3754,15.0925,83.97,47,42,4.68,scattered clouds
552,Edson,CA,53.5835,-116.4356,49.05,88,32,2.53,scattered clouds
553,Merauke,ID,-8.4667,140.3333,82.33,80,99,15.93,overcast clouds
554,Payo,ID,-3.7508,103.6372,94.06,46,79,3.53,broken clouds
555,Te Anau,NZ,-45.4167,167.7167,49.8,66,1,4.41,clear sky
556,Kuching,MY,1.55,110.3333,89.82,66,40,10.36,scattered clouds
557,Yeppoon,AU,-23.1333,150.7333,78.58,64,94,13.06,overcast clouds
558,Coihaique,CL,-45.5752,-72.0662,35.31,97,84,5.97,broken clouds
559,Bestobe,KZ,52.4994,73.0975,37.13,48,9,3.36,clear sky
560,San Borja,BO,-14.8167,-66.85,67.39,79,83,3.62,broken clouds
561,Adrar,MR,20.5022,-10.0711,74.55,34,0,13.18,clear sky
562,Alihe,CN,50.5667,123.7167,52.79,38,19,8.34,few clouds
563,Snasa,NO,64.2457,12.3778,45.81,77,100,13.82,overcast clouds
564,Gamba,GA,-2.65,10.0,73.72,95,100,5.86,moderate rain
565,Ambulu,ID,-8.345,113.6058,83.21,77,93,8.46,overcast clouds
566,Sarakhs,IR,36.5449,61.1577,77.29,15,0,10.69,clear sky
567,Krabi,TH,8.0726,98.9105,80.6,85,99,9.04,overcast clouds
568,Minas,UY,-34.3759,-55.2377,47.16,93,28,1.19,scattered clouds
569,Bokoro,TD,12.3807,17.0568,82.56,63,15,5.17,few clouds
570,Linao,PH,7.1678,124.9675,86.58,71,75,2.55,light rain
571,Manga,BF,11.6636,-1.0731,72.63,93,97,3.6,overcast clouds
572,Bukama,CD,-9.2,25.85,80.22,54,48,1.97,scattered clouds
573,Saint Anthony,US,45.0205,-93.218,61.12,68,40,4.61,scattered clouds
574,Gushikawa,JP,26.3544,127.8686,87.03,71,100,8.05,overcast clouds
575,Le Mars,US,42.7942,-96.1656,62.85,48,0,10.36,clear sky
576,Hare Bay,CA,48.8499,-54.0148,47.19,76,8,7.92,clear sky
577,Zhigansk,RU,66.7697,123.3711,29.34,76,100,2.51,overcast clouds
578,Amboasary,MG,-25.0333,46.3833,82.04,38,0,5.41,clear sky
579,Nokaneng,BW,-19.6667,22.2667,76.44,21,0,7.56,clear sky
580,Porto Santo,PT,33.072,-16.3415,70.18,64,20,12.66,few clouds
581,Ankazoabo,MG,-22.2833,44.5167,86.68,26,0,2.48,clear sky
582,Kushima,JP,31.4583,131.2333,80.19,67,40,4.29,scattered clouds
583,Conakry,GN,9.538,-13.6773,76.1,83,97,1.52,overcast clouds
584,Majene,ID,-3.5403,118.9707,84.83,72,86,6.44,overcast clouds
585,Bulawayo,ZW,-20.15,28.5833,72.73,26,0,7.83,clear sky
586,Ullapool,GB,57.8987,-5.1604,52.36,88,86,17.67,overcast clouds
587,Swellendam,ZA,-34.0226,20.4417,58.51,75,100,2.57,overcast clouds
588,Pa Sang,TH,18.5262,98.9394,80.8,93,100,0.49,overcast clouds
589,Inhambane,MZ,-23.865,35.3833,76.28,65,4,7.18,clear sky
590,Otjimbingwe,NA,-22.35,16.1333,77.31,17,2,3.06,clear sky
591,Jiangyou,CN,31.7667,104.7167,72.39,81,96,3.31,overcast clouds
592,Karratha,AU,-20.7377,116.8463,80.22,47,2,15.99,clear sky
593,Alberton,CA,46.8168,-64.0654,52.81,78,23,13.44,few clouds
594,Morondava,MG,-20.2833,44.2833,76.66,58,0,2.1,clear sky
595,Gambo,CF,4.6482,22.2633,71.73,88,51,1.19,broken clouds
596,Usinsk,RU,65.9939,57.5281,35.01,78,100,18.5,overcast clouds
597,Oistins,BB,13.0667,-59.5333,82.49,83,40,12.66,scattered clouds
598,Barra Da Estiva,BR,-13.6261,-41.3269,63.99,83,98,6.06,overcast clouds
599,Kudahuvadhoo,MV,2.6708,72.8944,81.5,76,100,17.72,overcast clouds
600,Khuzhir,RU,53.1939,107.3397,39.33,53,78,19.24,broken clouds
601,Teya,RU,60.3778,92.6267,38.17,46,58,4.5,broken clouds
602,Curup,ID,-3.4667,102.5333,77.49,87,90,1.54,overcast clouds
603,Kirakira,SB,-10.4544,161.9205,82.51,74,24,5.14,few clouds
604,Westport,US,41.1415,-73.3579,59.76,83,0,14.97,clear sky
605,Juneau,US,58.3019,-134.4197,54.1,100,100,6.85,moderate rain
606,Tual,ID,-5.6667,132.75,83.08,67,77,0.69,broken clouds
607,Xinmin,CN,41.9908,122.8253,69.67,63,100,2.04,overcast clouds
608,Ruidoso,US,33.3317,-105.673,59.27,47,89,0.0,overcast clouds
609,Le Vauclin,MQ,14.5452,-60.8388,83.84,94,20,4.61,few clouds
610,Kadirli,TR,37.3739,36.0961,83.57,41,0,1.52,clear sky
611,Beneditinos,BR,-5.45,-42.3667,75.87,69,97,4.97,overcast clouds
612,Port Blair,IN,11.6667,92.75,78.84,83,75,8.05,drizzle
613,Gonaives,HT,19.45,-72.6833,76.5,83,58,4.68,broken clouds
614,El Cristo,PA,8.25,-80.6167,75.15,97,100,6.76,overcast clouds
615,Portobelo,PA,9.55,-79.65,76.05,87,100,6.26,overcast clouds
616,Northam,GB,51.0333,-4.2167,58.6,85,86,21.3,overcast clouds
617,Charlestown,AU,-32.95,151.6667,63.01,73,75,3.0,moderate rain
618,Chum Phae,TH,16.5443,102.0992,79.36,85,100,2.57,overcast clouds
619,Nanyamba,TZ,-10.6833,39.8333,81.07,51,25,2.51,scattered clouds
620,Migori,KE,-1.0634,34.4731,73.24,55,74,3.98,broken clouds
621,Padang,ID,-0.9492,100.3543,86.05,80,98,4.54,overcast clouds
622,Osijek,HR,45.5511,18.6939,60.42,94,0,5.75,clear sky
623,Kuvandyk,RU,51.4781,57.3552,44.29,53,98,13.44,overcast clouds
624,Flinders,AU,-34.5833,150.8552,61.38,73,75,9.82,broken clouds
625,Keflavik,IS,64.0049,-22.5624,46.83,87,75,26.46,broken clouds
626,Smiths Falls,CA,44.9001,-76.0161,48.83,74,100,2.51,overcast clouds
627,Carutapera,BR,-1.195,-46.02,77.47,81,32,7.85,scattered clouds
628,Port Saint Lucie,US,27.2939,-80.3503,76.96,68,84,2.44,broken clouds
629,Zhezkazgan,KZ,47.8043,67.7144,39.18,35,0,13.42,clear sky
630,Ukholovo,RU,53.7929,40.4892,57.47,95,100,7.96,overcast clouds
631,Samarai,PG,-10.6167,150.6667,83.37,71,5,13.04,clear sky
632,San Carlos De Bariloche,AR,-41.1456,-71.3082,34.25,75,3,4.05,clear sky
633,Davenport,US,41.5236,-90.5776,53.04,81,0,4.61,clear sky
634,Kamalapuram,IN,14.5833,78.65,80.47,69,100,16.11,light intensity drizzle
635,Veraval,IN,20.9,70.3667,84.06,66,6,8.41,clear sky
636,Malanje,AO,-9.5402,16.341,67.21,85,63,3.06,broken clouds
637,Petrivka,UA,46.9695,30.9591,70.75,49,56,5.23,broken clouds
638,Beloyarskiy,RU,63.7119,66.6722,36.36,50,74,9.71,broken clouds
639,Kansanshi,ZM,-12.0951,26.4273,71.4,30,4,9.24,clear sky
640,Tera,NE,14.0078,0.7531,79.92,71,90,9.75,overcast clouds
641,Verkh-Usugli,RU,52.7,115.1667,43.07,72,100,11.68,overcast clouds
642,Tandil,AR,-37.3217,-59.1332,47.68,92,15,5.19,few clouds
643,Guangyuan,CN,32.442,105.823,66.96,96,100,2.33,overcast clouds
644,Laguna,US,38.421,-121.4238,73.94,58,0,3.44,clear sky
645,Coquimbo,CL,-29.9533,-71.3436,53.33,100,100,1.14,overcast clouds
646,Vangaindrano,MG,-23.35,47.6,73.36,65,34,6.82,scattered clouds
647,Ahipara,NZ,-35.1667,173.1667,62.49,91,42,8.23,moderate rain
648,Blagoyevo,RU,63.3667,47.9167,43.81,97,100,8.43,overcast clouds
649,Ban Nahin,LA,18.2418,104.2122,79.95,94,100,1.54,overcast clouds
650,Makakilo City,US,21.3469,-158.0858,79.12,70,0,9.22,clear sky
651,Tautira,PF,-17.7333,-149.15,77.02,72,2,8.99,clear sky
652,Nishihara,JP,26.1842,127.7558,87.08,72,75,10.36,broken clouds
653,Tura,IN,25.5198,90.2201,89.04,57,56,2.68,broken clouds
654,Acarau,BR,-2.8856,-40.12,77.4,82,76,15.55,broken clouds
655,Nagorsk,RU,59.3172,50.8078,43.29,91,99,9.62,overcast clouds
656,Emerald,AU,-23.5333,148.1667,81.34,30,61,5.01,broken clouds
657,Puerto Lleras,CO,3.0223,-73.4044,70.34,99,100,4.99,overcast clouds
658,Caluquembe,AO,-13.7833,14.6833,65.57,66,21,1.9,few clouds
659,Kattivakkam,IN,13.2167,80.3167,89.69,69,100,10.96,overcast clouds
660,Cambridge,CA,43.3601,-80.3127,49.28,75,100,6.71,overcast clouds
661,Bintulu,MY,3.1667,113.0333,85.05,74,66,9.24,broken clouds
662,Melilla,ES,35.2937,-2.9383,57.58,88,20,3.44,few clouds
663,Moranbah,AU,-22.0016,148.0466,80.83,26,90,4.14,overcast clouds
664,Galesong,ID,-5.3166,119.3661,91.42,67,82,8.08,light rain
665,Batagay-Alyta,RU,67.8006,130.4114,23.67,78,100,1.05,overcast clouds
666,Pauini,BR,-7.7136,-66.9764,72.16,78,76,2.51,broken clouds
667,Pisz,PL,53.6274,21.8125,47.52,78,96,3.74,overcast clouds
668,Santa Rosa,PH,14.3122,121.1114,91.09,65,29,13.82,scattered clouds
669,Preutesti,RO,47.45,26.4167,64.62,64,100,4.29,overcast clouds
670,Ust-Omchug,RU,61.15,149.6333,26.51,78,90,4.36,overcast clouds
671,Klaksvik,FO,62.2266,-6.589,50.92,87,95,23.13,overcast clouds
672,Mitsamiouli,KM,-11.3847,43.2844,75.9,67,13,2.46,few clouds
673,Isla Vista,US,34.4133,-119.861,65.82,86,75,5.75,mist
674,Shancheng,CN,34.7953,116.0817,89.29,48,54,11.54,broken clouds
675,Topolobampo,MX,25.6,-109.05,82.4,63,0,4.79,clear sky
676,Broken Hill,AU,-31.95,141.4333,68.95,32,76,7.92,broken clouds
677,Shelburne,CA,44.0787,-80.2041,48.76,90,95,5.03,overcast clouds
678,Kigoma,TZ,-4.8769,29.6267,80.44,55,41,2.53,scattered clouds
679,Novyy Urengoy,RU,66.0833,76.6333,33.98,64,77,12.95,broken clouds
680,Hailar,CN,49.2,119.7,60.48,35,83,8.57,broken clouds
681,Hokitika,NZ,-42.7167,170.9667,53.4,69,81,5.1,broken clouds
682,Vestmanna,FO,62.1564,-7.1664,49.12,93,75,14.97,light rain
683,Oranjemund,NA,-28.55,16.4333,56.34,77,73,8.48,broken clouds
684,Nawa,IN,27.0167,75.0,91.26,34,0,13.8,clear sky
685,Henties Bay,NA,-22.116,14.2845,55.78,89,1,4.03,clear sky
686,Stornoway,GB,58.2093,-6.3865,48.16,92,40,11.5,scattered clouds
687,Salalah,OM,17.0151,54.0924,84.29,70,75,9.22,broken clouds
688,Dovolnoye,RU,54.4958,79.6671,38.26,56,67,6.26,broken clouds
689,Sucua,EC,-2.4667,-78.1667,66.92,100,100,1.59,moderate rain
690,Dharchula,IN,29.85,80.5333,80.6,53,14,6.35,few clouds
691,Belyy Yar,RU,53.6039,91.3903,38.86,45,20,2.24,few clouds
692,Magadan,RU,59.5667,150.8,42.53,51,86,1.88,overcast clouds
693,Durres,AL,41.3231,19.4414,66.38,72,80,4.81,broken clouds
694,Tres Arroyos,AR,-38.3739,-60.2798,51.84,54,69,11.65,broken clouds
695,Kangaatsiaq,GL,68.3065,-53.4641,33.26,90,100,13.33,light snow
696,Hereford,GB,52.0568,-2.7148,55.74,86,78,11.07,broken clouds
697,Matay,EG,28.419,30.7792,87.67,31,0,17.29,clear sky
698,Sao Felix Do Xingu,BR,-6.6447,-51.995,77.02,52,91,1.83,overcast clouds
699,Arys,KZ,42.4252,68.795,64.83,18,7,12.59,clear sky
700,Dunda,TZ,-8.1167,34.25,74.32,46,16,6.31,few clouds
